osm_id,osm_type,latitude,longitude,name,brand,operator,addr_street,addr_district,opening_hours
266753132,node,40.896837,29.224951,Aytemiz,Aytemiz,Shell,D100 Bulvarı,Pendik,
269367213,node,41.02608,28.979786,Opet,Opet,Alpet,,,
278335431,node,41.028838,29.01744,Petrol Ofisi,Petrol Ofisi,,,,"Mo-Su,PH 00:00-00:00"
288789439,node,41.114194,29.059922,Petrol Ofisi,Petrol Ofisi,,,,
446288239,node,41.00019,28.800738,Class Petrol,Class Petrol,,,,
552869782,node,40.998993,29.154934,Shell,Shell,,,,
568011021,node,41.055094,28.999294,Opet,Opet,Artek Petrol,,,
772439779,node,41.005037,29.030791,Shell Baban Petrol,Shell,,,,
932363710,node,41.05594,28.997701,Shell,Shell,,,,
1670461592,node,40.987644,29.087031,Total,TotalEnergies,,,,
1672420097,node,41.087724,29.017752,Shell,Shell,,,,
1695103519,node,41.004273,28.684117,Total,TotalEnergies,,,,
1713488174,node,40.978326,29.123549,Opet,Opet,,,,
1755203245,node,40.983505,29.091908,Total,TotalEnergies,,,,
1830235496,node,41.2275,28.491645,,,,,,
1905650685,node,40.881515,29.240335,Opet,Opet,,,,
1905900747,node,40.875677,29.232876,Shell,Shell,,,,
1907466158,node,40.898828,29.369215,Türkiye Petrolleri,Türkiye Petrolleri,,Demokrasi Caddesi,Tuzla,
1907466259,node,40.908584,29.360971,Türkiye Petrolleri,Türkiye Petrolleri,,,,
1920258400,node,41.04929,29.07683,Petrol Ofisi,Petrol Ofisi,,,,
2257504633,node,40.967617,29.102627,Aytemiz,Aytemiz,,,,
2257505250,node,40.966423,29.103319,BP,BP,,,,
2257506320,node,40.966139,29.104784,Total,TotalEnergies,,,,
2264750239,node,41.037081,29.155673,Shell,Shell,,,,
2277832475,node,40.996105,28.62522,Alpet Gürpınar,Alpet,Alpet,,,
2363493667,node,40.835841,29.323905,,,,,,
2392806044,node,41.135112,28.465628,,,,,,
2392806726,node,41.157965,28.454553,,,,,,
2392806728,node,41.158016,28.454022,,,,,,
2392986716,node,41.015641,29.074591,Opet,Opet,,,,
2392986717,node,41.016763,29.07609,Shell,Shell,,,,24/7
2429198871,node,41.041378,28.832275,Total,TotalEnergies,,,,
2610629148,node,40.886852,29.239911,Shell,Shell,,,,
2716711598,node,40.987931,28.796068,Shell Şenlikköy,Shell,,,,
2861685236,node,41.094893,27.996901,Shell,Shell,,,,
2861685291,node,41.095708,27.999746,,,,,,
2928531148,node,40.99944,28.713573,Opet,Opet,,,,
2999419474,node,40.97084,29.083573,Shell,Shell,,,,
3095087044,node,41.088072,29.343803,,,,,,
3130909268,node,41.008025,28.881698,Opet,Opet,,,,
3170739257,node,40.989712,28.6652,Shell - Karma Grup,Shell,,,,Mo-Su 00:00-12:00
3474488522,node,41.094727,29.097585,BP,BP,,,,
3474488524,node,41.079965,29.070825,Shell,Shell,,,,
3474488526,node,41.081143,29.077044,,,,,,
3728846486,node,41.044678,28.978354,Kurtuluş Total,,,,,24/7
3790969409,node,41.117542,29.023466,Opet,Opet,,,,
3955643614,node,40.937381,29.14107,Shell,Shell,,,,
3996188487,node,41.060183,28.688489,BP,BP,,,,
3996189675,node,41.060044,28.6881,BP,BP,,,,
4165097565,node,41.050182,29.023723,Best House rental of apartment,Best,,,,
4255747089,node,41.062944,28.950876,Aytemiz,Aytemiz,,,,
4303169790,node,41.080085,28.794082,Türkiye Petrolleri,,,,,
4309080389,node,40.893878,29.355099,Petrol Ofisi,Petrol Ofisi,Petropark,demokrasi caddesi,,24/7
4371188639,node,41.101313,29.29013,Petrol Ofisi,Petrol Ofisi,,,,
4371188640,node,41.092065,29.287845,Shell,Shell,,,,
4416266553,node,41.008576,29.201665,Petrol Ofisi,Petrol Ofisi,,,,
4419028247,node,41.033725,28.975818,occidental pees hotel Istanbul,Occidental,Room Mate,Meşrutiyet Caddesi,,
4442145256,node,40.881148,29.255346,Opet,Opet,,,,
4527983519,node,41.007995,28.537457,Shell-Arpet Petrol,Shell,,,,
4580488790,node,40.889285,29.181183,Shell,Shell,,,,
4699018047,node,40.9612,29.282842,Opet Sultanbeyli,Opet,Opet Petrolcülük A.Ş.,Demokrasi Caddesi,Sultanbeyli,
4699018050,node,40.909371,29.295164,Opet Pendik,Opet,Opet Petrolcülük A.Ş.,Ankara Caddesi,Pendik,
4699018051,node,41.080441,28.652694,Opet Hoşdere Petrol,Opet,Opet Petrolcülük A.Ş.,Hadımköy Altınşehir Yolu,Esenyurt,
4699018057,node,41.029215,28.806502,Opet Küçükçekmece Halkalı,Opet,Opet Petrolcülük A.Ş.,Fatih Caddesi,Küçükçekmece,
4699018077,node,41.011249,29.075282,Petrol Ofisi,Petrol Ofisi,Petrol Ofisi,Libadiye Caddesi,Üsküdar,
4699018204,node,40.987724,28.883948,Opet Bakırköy,Opet,Opet Petrolcülük A.Ş.,Aksu Caddesi,Bakırköy,
4699018205,node,41.041235,28.967225,Opet Beyoğlu,Opet,Opet Petrolcülük A.Ş.,Piyale Paşa Bulvarı,Beyoğlu,
4699018213,node,40.907668,29.343333,Opet Tuzla,Opet,Opet Petrolcülük A.Ş.,Fettah Başaran Caddesi,Tuzla,
4699018226,node,40.993085,28.827216,Opet Bahçelievler Çobançeşme,Opet,Erhan Dedeoğlu Petrol,Dumlupınar caddesi,Bahçelievler,
4699018227,node,41.054721,28.840575,Opet Bağcılar,Opet,Opet Petrolcülük A.Ş.,Maslak Caddesi,Bağcılar,
4699018229,node,41.022502,29.11592,Opet Ümraniye,Opet,Opet Petrolcülük A.Ş.,Alemdağ Caddesi,Ümraniye,"Mo-Su,PH 00:00-00:00"
4699018232,node,41.058215,28.730707,Aytemiz,Aytemiz,,Kuzey Yan Yolu,Avcılar,
4699018234,node,41.023118,28.686603,Opet,Opet,Opet Petrolcülük A.Ş.,Doğan Araslı Bulvarı,Esenyurt,
4699018235,node,40.905341,29.285377,Shell,Shell,,Ankara Caddesi,Pendik,"Mo-Su,PH 08:00+"
4699018244,node,41.00829,29.02304,Petrol Ofisi,Petrol Ofisi,Opet Petrolcülük A.Ş.,Tıbbiye Caddesi Atölyeler Sokak,Üsküdar,
4699018247,node,40.881089,29.232327,Opet,Opet,,Abdulhalik Renda Caddesi,Pendik,
4699018248,node,40.891269,29.17731,Petrol Ofisi,Petrol Ofisi,,Üsküdar Caddesi,Kartal,
4699018252,node,40.99775,28.605259,Opet Beylikdüzü,Opet,Opet Petrolcülük A.Ş.,Turgut Özal 1. Caddesi,Büyükçekmece,
4699018254,node,41.049077,28.876809,Opet Esenler Fevzi Çakmak,Opet,Opet Petrolcülük A.Ş.,Atışalanı Caddesi,Esenler,
4699018255,node,41.0477,28.859748,Opet Bağcılar,Opet,Opet Petrolcülük A.Ş.,Osmangazi Caddesi,Bağcılar,
4699018264,node,40.989872,28.668452,Opet Beylikdüzü,Opet,Opet Petrolcülük A.Ş.,Hürriyet Bulvarı,Beylikdüzü,
4699018265,node,41.011551,28.828365,Opet Bahçelievler,Opet,Opet Petrolcülük A.Ş.,Yıldırım Beyazıt Caddesi,Bahçelievler,
4699018282,node,40.912108,29.191968,Opet Kartal,Opet,Opet Petrolcülük A.Ş.,D-100 Yanyol Caddesi,Kartal,
4699018284,node,41.006514,28.667677,Opet Esenyurt Güzelyurt,Opet,Opet Petrolcülük A.Ş.,Haramidere Caddesi,Esenyurt,
4699018420,node,41.131936,28.826931,Opet Sultangazi,Opet,Opet Petrolcülük A.Ş.,Arnavutköy Habibler Yolu,Sultangazi,
4699018428,node,40.906774,29.252756,Petrol Ofisi,Petrol Ofisi,Opet Petrolcülük A.Ş.,Yakacık Caddesi,Pendik,
4699018475,node,41.032443,28.883817,Mehmetçik Petrol,,,Orgeneral Eşref Bitlis Caddesi,Güngören,
4699018488,node,40.942684,29.143871,Opet Maltepe,Opet,Opet Petrolcülük A.Ş.,Narlıdere Caddesi,Maltepe,
4699018911,node,41.083953,28.036584,Opet Silivri,Opet,Opet Petrolcülük A.Ş.,Edirne Asfaltı Aslanağzı Sokak,Silivri,
4699018931,node,41.249376,28.037897,Opet Silivri Büyükçavuşlu Rüya Petrol,Opet,Opet Petrolcülük A.Ş.,Çerkezköy Tem Bağlantı Yolu,Silivri,
4699018940,node,41.060352,28.78946,Opet İkitelli,Opet,Opet Petrolcülük A.Ş.,İkitelli Caddesi,Küçükçekmece,24/7
4699018970,node,41.109934,29.310702,Opet Çekmeköy,Opet,Opet Petrolcülük A.Ş.,Beykoz Caddesi,Çekmeköy,
4699019343,node,41.060137,28.841087,Opet Bağcılar Göztepe,Opet,Opet Petrolcülük A.Ş.,Oruç Sokak,Bağcılar,
4699019354,node,41.048424,28.984989,Opet,Opet,Opet,Dolapdere Caddesi,Şişli,
4699019360,node,41.007955,29.201664,Opet Ümraniye,Opet,Opet Petrolcülük A.Ş.,Atatürk Caddesi,Sancaktepe,
4699019379,node,40.982402,29.106104,Opet Ataşehir,Opet,Opet Petrolcülük A.Ş.,Merdivenköy Yolu Caddesi,Ataşehir,
4699019380,node,41.183317,28.597697,Opet Arnavutköy,Opet,Opet Petrolcülük A.Ş.,Hadımköy Caddesi,Arnavutköy,
4699019947,node,40.901595,29.247003,Opet Pendik,Opet,Opet Petrolcülük A.Ş.,Olimpiyat Caddesi,Pendik,
4699019952,node,41.05038,28.62848,Opet Esenyurt,Opet,Opet Petrolcülük A.Ş.,Hadımköy Yolu Caddesi,Esenyurt,
4699019968,node,40.895696,29.249057,Opet,Opet,Opet Petrolcülük A.Ş.,Ankara Caddesi,Pendik,
4699019969,node,40.866335,29.334807,Opet Tuzla,Opet,Opet Petrolcülük A.Ş.,Aydın Yolu Caddesi,Tuzla,
4699020193,node,41.094793,29.090877,Opet Beykoz,Opet,Opet Petrolcülük A.Ş.,Orhan Veli Kanık Caddesi 119. Sokak,Beykoz,
4699020197,node,40.871794,29.371641,Opet Tuzla,,Opet Petrolcülük A.Ş.,Kumpas Caddesi,Tuzla,
4699020285,node,40.837403,29.296061,Opet Tuzla,Opet,Opet Petrolcülük A.Ş.,Rauf Orbay Caddesi,Tuzla,
4699022949,node,40.968128,29.253129,Opet Sultanbeyli,Opet,Opet Petrolcülük A.Ş.,Fatih Bulvarı,Sultanbeyli,
4699022950,node,40.9104,29.211534,Opet Kartal,Opet,Opet Petrolcülük A.Ş.,Yalnız Selvi Caddesi,Kartal,
4699022951,node,40.98387,29.165959,Opet Ümraniye,Opet,Opet Petrolcülük A.Ş.,Üsküdar Caddesi,Ataşehir,
4699022952,node,40.859498,29.281546,Opet Pendik,Opet,Opet Petrolcülük A.Ş.,İbrahim Hakkı Caddesi,Pendik,
4699022953,node,40.987731,29.143805,Opet Ataşehir,Opet,Opet Petrolcülük A.Ş.,Dudullu Caddesi,Ataşehir,
4699022955,node,41.050131,28.812081,Opet Bağcılar,Opet,Opet Petrolcülük A.Ş.,Taşocağı Caddesi Tanyeli Sokak,Bağcılar,
4699022956,node,41.019717,28.908816,Opet Topkapı,Opet,Opet Petrolcülük A.Ş.,Davut Paşa Caddesi Serçe Kale Sokak,Zeytinburnu,
4699022960,node,41.205103,28.728262,Opet Islah Petrol,Opet,Opet Petrolcülük A.Ş.,Fatih Caddesi,Arnavutköy,
4699022962,node,41.031458,29.079681,Opet,Opet,Opet Petrolcülük A.Ş.,Bosna Bulvarı,Üsküdar,
4699022963,node,41.055419,28.67193,Opet Esenkent,Opet,Opet Petrolcülük A.Ş.,Cemal Paşa Caddesi,Esenyurt,
4699022965,node,40.883978,29.349287,Opet Tuzla,Opet,Opet Petrolcülük A.Ş.,Atatürk Caddesi,Tuzla,
4699022966,node,40.926686,29.31756,Shell Sabiha Gökçen,Shell,Shell Türkiye,Yeni Ankara Caddesi,Pendik,24/7
4699022970,node,41.008467,29.215906,Opet Ümraniye,Opet,Opet Petrolcülük A.Ş.,Atatürk Caddesi,Sancaktepe,
4699022971,node,41.064034,28.621961,Opet Büyükçekmece,Opet,Opet Petrolcülük A.Ş.,Hadımköy Yolu Caddesi,Büyükçekmece,
4699022975,node,40.891373,29.233194,Opet Pendik,Opet,Opet Petrolcülük A.Ş.,D-100 Güney Yanyolu,Pendik,
4699022981,node,41.028799,28.790782,Shell,Shell,Shell & Turcas,Halkalı Caddesi,Küçükçekmece,
4699023892,node,41.007237,29.244293,Opet Sancaktepe,Opet,Opet Petrolcülük A.Ş.,Mübacir Caddesi,Sancaktepe,
4699023902,node,41.156979,29.628344,Opet Şile,Opet,Opet Petrolcülük A.Ş.,Ağva Caddesi,Şile,
4699023905,node,40.9776,29.220607,Opet Sancaktepe,Opet,Opet Petrolcülük A.Ş.,Yakacık Caddesi,Sancaktepe,
4699023914,node,40.990082,29.263793,Opet Sultanbeyli,Opet,Opet Petrolcülük A.Ş.,Mimar Sinan Caddesi,Sultanbeyli,
4699023919,node,41.017935,28.646292,Opet Esenyurt,Opet,Opet Petrolcülük A.Ş.,Nazım Hikmet Bulvarı,Esenyurt,
4699023920,node,41.035381,28.445779,Opet Büyükçekmece Kamiloba,Opet,Opet Petrolcülük A.Ş.,E-5 Karayolu,Büyükçekmece,
4699023925,node,40.886559,29.241896,Opet,Opet,Opet Petrolcülük A.Ş.,E-5 Yanyol Caddesi Latife Hanım Sokak,Pendik,
4699023930,node,41.009864,29.012243,Opet Üsküdar,Opet,Opet Petrolcülük A.Ş.,Harem Sahil Yolu,Üsküdar,
4699023934,node,40.885945,29.286563,Opet Pendik,Opet,Opet Petrolcülük A.Ş.,Abdi İpekçi Caddesi,Pendik,
4699023938,node,41.027511,28.857421,Opet Bağcılar,Opet,Opet Petrolcülük A.Ş.,Bağcılar Caddesi,Bağcılar,
4718176989,node,40.924093,29.151085,Petrol Ofisi - Bulut Petrol,Petrol Ofisi,,,,
4718388547,node,40.937724,29.138014,Opet,Opet,,,,
4718388548,node,40.93888,29.136172,Shell,Shell,,,,
4718388549,node,40.939768,29.133219,Total,TotalEnergies,,,,
4718485057,node,40.920249,29.147607,,,,,,
4718488092,node,40.911144,29.19532,Shell,Shell,,,,
4718488093,node,40.908907,29.202717,,,,,,
4718488098,node,40.902499,29.217484,Shell,Shell,,,,
4718488104,node,40.894322,29.228492,Total,TotalEnergies,,,,
4718712547,node,40.904372,29.278693,Opet,Opet,,,,
4718712560,node,40.907962,29.293373,Total,TotalEnergies,,,,
4718712575,node,40.914902,29.303618,Petrol Ofisi,Petrol Ofisi,,,,
4719094364,node,41.132793,28.47031,,,,,,
4720232022,node,40.89405,29.198869,Shell,Shell,,,,
4720232036,node,40.856096,29.291278,,,,,,
4720232050,node,40.824074,29.351989,,,,,,
4720232051,node,40.817186,29.362553,,,,,,
4724575294,node,41.052155,29.23972,TotalEnergies,TotalEnergies,Baltacıoğlu Petrol,,,
4730251788,node,41.065713,29.002254,Shell,Shell,,,,24/7
4771613236,node,41.223032,28.455149,Opet,Opet,Opet,,,
4779866887,node,40.926485,29.315606,Opet,Opet,Opet,,,24/7
4779867627,node,40.965013,29.272035,,,,,,
4779867647,node,40.974883,29.240681,Petrol Ofisi,Petrol Ofisi,Petrol Ofisi,Osmangazi,Sancaktepe,
4779890036,node,40.899134,29.268663,Shell,Shell,,,,
4807075794,node,40.981636,28.890874,Aygaz,Aygaz,,,,
4826423021,node,40.914478,29.140873,,,,,,
4835446168,node,40.90866,29.358626,,,,,,
4838961896,node,41.007153,29.188286,Class,,,,,
4845792383,node,41.041424,28.979646,BP,BP,,,,24/7
4845792420,node,41.040519,28.967337,Shell,Shell,,,,
4845792521,node,41.041658,28.966443,Petro Ofisi,,,,,
4845792522,node,41.038143,28.968038,Shell,Shell,,,,
4845792523,node,41.038455,28.973483,,,,,,
4845792524,node,41.038806,28.972648,,,,,,
4845792525,node,41.039812,28.977523,Total Milangaz,TotalEnergies,,,,24/7
4846902293,node,41.011805,28.817846,Total,TotalEnergies,,,,
4846902294,node,41.015437,28.824374,,,,,,
4846902295,node,41.013892,28.825907,BP,BP,,,,
4846902318,node,41.033412,28.851395,,,,,,
4846915123,node,41.036774,28.852891,,,,,,
4846915132,node,41.042079,28.851057,,,,,,
4846948582,node,41.01274,28.900625,Opet,Opet,,,,
4855516912,node,40.993617,28.709576,Alpet,Alpet,,,,
4855518349,node,41.019443,28.67682,Shell,Shell,,,,
4901564418,node,41.054845,28.875901,Shell,Shell,,,,
4908865216,node,41.002535,28.787478,Opet,Opet,,Sultan Murat Caddesi,Küçükçekmece,
4908865534,node,41.034557,28.833311,Petrol Ofisi,Petrol Ofisi,,Mahmutbey Caddesi,Bağcılar,
4908865535,node,41.039905,28.833644,,,,,,
4908865540,node,41.045908,28.829889,,,,,,
4908865541,node,41.056765,28.830478,BP,BP,,,,
4908865542,node,41.058061,28.830917,Kadoil,Kadoil,,,,
4908865547,node,41.058836,28.831104,Opet,Opet,,,,
4908865548,node,41.059952,28.831407,Shell,Shell,,,,
4908865549,node,41.059977,28.832117,Aytemiz,Aytemiz,,,,
4908893564,node,40.995093,28.895052,BP,BP,,Prof. Dr.turan Güneş Caddesi,Zeytinburnu,
4924075282,node,41.185935,28.73927,,,,,,
4926375965,node,41.067911,28.811001,Petrol Ofisi,Petrol Ofisi,,,,
4952623932,node,41.06125,29.00126,Petrol Ofisi,Petrol Ofisi,,,,
4956703288,node,41.027129,28.856881,,,,,,
4963093911,node,41.056912,28.951107,Türkiye Petrolleri,Türkiye Petrolleri,,İmrahor Caddesi,,
4963094240,node,41.085226,28.978142,Petrol Ofisi,Petrol Ofisi,,,,24/7
4965256366,node,41.009994,28.794425,Petrol Ofisi,Petrol Ofisi,,,,
4965256582,node,41.029371,28.795751,,,,,,
4978760118,node,40.991661,28.838062,Petrol Ofisi,Petrol Ofisi,,,,
4979178070,node,40.985344,28.785827,Opet,Opet,,,,
4986401524,node,41.031326,28.822991,Total,TotalEnergies,,Koçman Caddesi,Bağcılar,
4992027984,node,41.033828,28.680141,,,,,,
4992280808,node,41.059834,28.625175,Aytemiz,Aytemiz,,,,
4992280809,node,41.040829,28.625947,,,,,,
4992280814,node,41.037017,28.624714,Shell,Shell,,,,
4992280815,node,41.027052,28.626699,,,,,,
5008916861,node,40.988112,28.884215,BP Veliefendi,BP,BP,Koşuyolu Caddesi,Bakırköy,
5022546237,node,40.903528,29.39457,,,,,,
5022629078,node,40.899745,29.351164,Aytepe petrol,,,,,
5022629117,node,40.898628,29.259682,Shell,Shell,,,,
5022629118,node,40.897559,29.254141,Türkiye Petrolleri,Türkiye Petrolleri,,,,
5022629333,node,40.890388,29.236038,TotalEnergies,TotalEnergies,,Gönenli Mehmet Efendi Caddesi,Pendik,
5022636557,node,40.896725,29.222656,,,,,,
5022636564,node,40.913479,29.151546,,,,,,
5022636573,node,40.916472,29.146645,,,,,,
5022817283,node,40.87519,29.254304,Shell,Shell,,Aydınlı Yolu Caddesi,Pendik,
5031730251,node,41.043771,29.279197,Petrol Ofisi,Petrol Ofisi,,,,
5038130206,node,41.013361,28.787459,,,,,,
5038131041,node,40.992005,28.833203,Shell,Shell,,,,
5042266233,node,41.032119,28.80021,Total,TotalEnergies,,,,
5048210016,node,41.021648,28.687594,Aytemiz Esenyurt Tabela,Aytemiz,,,,
5048210226,node,41.013432,28.695405,,,,,,
5050081268,node,40.923423,29.151039,Shell,Shell,,,,
5052683541,node,40.950438,29.162722,Petrol Ofisi,Petrol Ofisi,,,,
5052765899,node,40.966764,29.215625,,,,,,
5052765904,node,40.966432,29.216493,,,,,,
5052766527,node,40.96956,29.22016,,,,,,
5052766554,node,40.980603,29.220274,,,,,,
5052766565,node,40.986969,29.226105,Opet,Opet,,,,
5052833560,node,40.992702,29.223123,,,,,,
5053328286,node,41.003895,29.216885,,,,,,
5053408890,node,41.009731,29.210874,BP,BP,,,,
5053408891,node,41.010363,29.210395,Petrol Ofisi,Petrol Ofisi,,,,
5053408898,node,41.01255,29.207388,,,,,,
5053409386,node,41.013615,29.191211,,,,,,
5053409725,node,41.016564,29.17772,Petrol Ofisi,Petrol Ofisi,,,,
5053458360,node,41.018193,29.171658,BP,BP,,,,24/7
5056240692,node,40.929337,29.129539,Shell,Shell,,,,
5057611913,node,41.027448,28.847526,Petrol Ofisi Benzin İstasyonu,,,Mehmet Akif Bulvarı,Bağcılar,
5057611914,node,41.028532,28.846468,,,,,,
5057611934,node,41.041794,28.849795,,,,,,
5057636755,node,41.054029,28.833583,,,,,,
5057636838,node,41.013115,28.846808,,,,,,
5057669024,node,41.009841,28.831058,Shell,Shell,,,,24/7
5057698664,node,41.008079,28.794932,Milangaz,,,,,
5057699129,node,41.044362,28.782023,Shell,Shell,,,,
5075961008,node,41.016431,28.949285,BP,BP,BP,Sofular caddesi,Fatih,
5084178833,node,41.167409,29.542049,Shell,Shell,Shell,,,
5098722412,node,41.061408,29.011072,Shell,Shell,Balmumcu,,,
5105359497,node,41.028337,28.878253,,,,,,
5107277905,node,41.016507,29.030207,,,,,,
5107315776,node,41.004768,29.03534,Aytemiz,Aytemiz,,,,
5107401717,node,40.98367,28.643926,Petrol Ofisi,Petrol Ofisi,,,,
5107498125,node,40.989387,28.618857,Alpet,Alpet,,,,
5108169540,node,41.03063,28.66257,,,,,,
5108170071,node,41.031693,28.657507,,,,,,
5108791878,node,40.988741,28.667645,Petrol Ofisi,Petrol Ofisi,,,,
5110198325,node,41.047877,28.968588,,,,,,
5112306755,node,41.042365,28.676434,,,,,,
5113465273,node,41.017775,28.950957,BP,BP,,Aslanhane Sokağı,Fatih,
5113486747,node,41.028617,28.936964,Total,TotalEnergies,,Fevzi paşa caddesi,Fatih,
5113592145,node,41.007044,28.936865,BP,BP,,Kızılelma Caddesi,Fatih,
5113615724,node,41.029791,28.939052,Aytemiz,Aytemiz,,Borazan tevfik sokak,Fatih,
5115935420,node,41.007211,28.928431,Opet,Opet,,Silivrikapı Caddesi,Fatih,
5128217778,node,41.050239,28.859229,,,,,,
5128217779,node,41.052208,28.858159,,,,,,
5128217780,node,41.054028,28.854468,,,,,,
5132939928,node,41.05681,28.728035,,,,,,
5147134748,node,41.136654,28.817053,Alpet,Alpet,,,,
5149577694,node,40.971765,29.248514,Petrol Ofisi,Petrol Ofisi,,Fatih Bulvarı,Sultanbeyli,
5151220720,node,40.967791,29.269986,,,,,,
5151430409,node,40.969701,29.265991,Total,TotalEnergies,,,,
5158327351,node,40.940629,29.285256,,,,,,
5208250439,node,40.960535,29.291623,Shell,Shell,Shell,,,
5229773921,node,40.879293,29.220499,,,,,,
5244129822,node,40.990253,29.175846,Lukoil,Lukoil,,,,
5244796137,node,41.015189,28.968297,Opet Tahtakale,Opet,,Vasıf Çınar Caddesi,Fatih,
5244801830,node,41.001789,28.972537,Kumkapi TotalEnergies,TotalEnergies,TotalEnergies,Kennedy Avenue,Fatih,
5253548270,node,40.993941,28.89458,Shell benzinci,Shell,shell,,,24/7
5254108623,node,41.176591,28.890274,Shell,Shell,,İstanbul Cd.,,
5272471198,node,40.957394,29.097675,Shell,Shell,,,,
5281796616,node,40.884345,29.235931,Class Petrol,,,,,
5282028235,node,40.938295,29.140866,,,,,,
5283303556,node,40.981511,29.068631,Petrol Ofisi,Petrol Ofisi,,,,
5283668028,node,41.027751,28.908423,,,,,,
5290533598,node,41.007132,29.190344,Shell,Shell,,,,
5291682316,node,40.890887,29.263265,Petrol Ofisi Arasena,Petrol Ofisi,Arasena Enerji Petrol A.Ş.,,,24/7
5292281495,node,40.890674,29.234255,Total,TotalEnergies,,,,
5295378910,node,40.916896,29.195766,,,,,,
5316011367,node,40.887559,29.19171,BP,BP,,,,
5316391220,node,40.990559,29.076787,Uspet,,,,,
5316393025,node,40.989951,29.082097,Petrol Ofisi,Petrol Ofisi,,,,
5316393026,node,40.998051,29.091529,,,,,,
5329319844,node,40.942489,29.302036,Petrol Ofisi,Petrol Ofisi,,Fatih Bulvarı,Pendik,
5329320553,node,40.972706,29.262292,P MAX,,,,Sultanbeyli,
5329338009,node,40.964362,29.274247,Aytemiz,Aytemiz,,Erdoğan caddesi,Sultanbeyli,
5336994052,node,41.075151,28.969622,,,,,,
5336994069,node,41.081168,28.98657,,,,,,
5344919571,node,40.942255,29.30125,Lukoil,Lukoil,,Fatih Bulvarı,Pendik,
5362917722,node,41.023115,29.107951,Opet Gültepe,Opet,,,,
5362917723,node,41.002049,29.163654,Opet imes 1,Opet,,,,
5370265112,node,41.008071,28.897054,Shell,Shell,,,,
5375211991,node,41.024583,28.806434,,,,,,
5375237948,node,41.044584,28.820729,Shell,Shell,,,,
5375237950,node,41.044832,28.81698,Aytemiz,Aytemiz,,,,
5385351123,node,41.00185,29.164305,imes petrol 089,,,,,
5385351124,node,40.971905,29.249164,Opet,Opet,,,,
5385354921,node,40.945855,29.12744,Opet,Opet,,,,
5393139681,node,41.064208,28.982245,Opet,Opet,Opet,,,
5393139853,node,41.085578,28.968579,,,,,,
5411633625,node,41.173202,29.054004,,,,,,
5418808042,node,40.990969,28.870823,Moil,Moil,,,,24/7
5418842117,node,41.017302,28.890451,Total,TotalEnergies,,,,
5437546261,node,41.01543,29.243737,,,,,,
5437546316,node,41.026911,29.239766,Shell,Shell,,,,
5437672597,node,41.039694,29.234538,Petrol Ofisi,Petrol Ofisi,,,,24/7
5455133252,node,41.152861,28.787533,Total,TotalEnergies,,,,
5462596529,node,41.044993,28.823034,BP,BP,,,,
5462640316,node,41.007903,29.180836,BP,BP,,,,
5479470554,node,41.022799,29.109641,Petrol Ofisi,Petrol Ofisi,,,,
5479470622,node,41.022196,29.112682,TotalEnergies,TotalEnergies,,,,
5482975722,node,41.043708,28.947954,PO,,,,,
5542883356,node,40.964367,29.281366,Onex,,,Fatih Bulvarı Caddesi,Sultanbeyli,
5542883408,node,40.971161,29.257517,Opet,Opet,,Atatürk Caddesi,Sultanbeyli,
5542883570,node,40.969441,29.257193,Total,TotalEnergies,,faith bulvarı Caddesi,Sultanbeyli,
5542883589,node,40.941934,29.30161,Bulvar girişi,,,Eşref bitlis blv,Pendik,
5542883633,node,40.948057,29.299675,Akşamsettin,,,Fatih bulguru,Pendik,
5542883700,node,40.982563,29.266763,Shell,Shell,,bosna Caddesi,Sultanbeyli,
5542886345,node,40.951119,29.297615,total Emkar petrol sanayi karsì,TotalEnergies,,sanayiye,Pendik,
5542889147,node,40.963835,29.284465,TP - Türkiye Petrolleri,Türkiye Petrolleri,,Fatih Bulvarı Caddesi,Pendik,
5610931982,node,41.172155,28.502689,,,,,,
5613678003,node,41.151007,28.4528,,,,,,
5613729478,node,41.251291,28.49241,,,,,,
5616649534,node,40.981433,29.081183,BP,BP,,,,
5636543103,node,41.091096,28.32824,,,,,,
5636543105,node,41.094884,28.371906,,,,,,
5636543106,node,41.096003,28.374129,,,,,,
5667618755,node,41.020533,28.906642,Starpet,,,Davutpaşa Caddesi,Zeytinburnu,24/7
5667661771,node,40.982154,28.893704,bp taşıtmatık,BP,,,Zeytinburnu,24/7
5667673366,node,41.056267,28.852647,Petrol Ofisi Bağcılar 100. Yıl,Petrol Ofisi,,Matbaacilar caddesi,Bağcılar,
5667687574,node,41.028525,28.846479,Shell,Shell,,Mehmet Akif Bulvarı,Bağcılar,
5667689774,node,41.032617,28.834115,Opet,Opet,,Mahmutbey caddesi,Bağcılar,
5667747971,node,41.028337,28.856824,Total Bağcılar-2,TotalEnergies,,Bağcılar Caddesi,Bağcılar,
5686793717,node,41.079592,29.142511,,,,,,
5686793935,node,41.121643,29.146217,,,,,,
5686940428,node,41.136584,28.623049,,,,,,
5686969979,node,41.12348,28.624891,BP-Artı Kurumsal Kart Ve Petrol,BP,Artı Kurumsal Kart Ve Petrol,,,
5686970001,node,41.152501,28.61702,Shell,Shell,Shell,,,
5686970042,node,41.117318,28.628269,,,,,,
5686970066,node,41.117478,28.629389,TotalEnergies,TotalEnergies,,,,
5707236740,node,41.022235,28.701118,,,,,,
5707360358,node,41.025002,28.65926,BP,BP,,,,24/7
5707508888,node,41.004798,28.892318,BP,BP,,,,
5707508889,node,41.004945,28.892003,,,,,,
5708413680,node,41.083438,28.948799,Türkiye Petrolleri,Türkiye Petrolleri,,,,
5708543081,node,41.197254,28.445567,,,,,,
5909868367,node,41.029819,28.863558,,,,,,
5940640333,node,40.96645,29.103328,,,,,,
5940682543,node,40.967075,29.104211,BP,BP,,,,
5948284506,node,40.881172,29.345129,Shell,Shell,,,,
5954059533,node,41.022545,29.075328,Petrol Ofisi,Petrol Ofisi,,,,
5956671712,node,41.12458,29.48087,,,,,,
5959790503,node,41.1124,29.040753,Aytemiz,Aytemiz,Aytemiz,,,
5968860779,node,40.839087,29.29546,,,,,,
5992890598,node,41.03363,28.807468,,,,,,
5995243483,node,41.158221,28.6135,,,,,,
6000017192,node,40.92791,29.132976,Petrol Ofisi,Petrol Ofisi,,,,
6000889519,node,41.117705,29.064401,Shell,Shell,,,,
6011826010,node,41.39052,28.451429,,,,,,
6012596061,node,41.032291,29.173657,Shell,Shell,,,,
6029343474,node,41.181377,28.744812,İloil,,,,,
6029343475,node,41.181995,28.742925,Petrol Ofisi,Petrol Ofisi,,,,
6039017188,node,41.059871,28.699278,,,,,,
6068995091,node,41.097226,28.904633,,,,,,
6146383487,node,41.078851,29.002959,BP,BP,Benzin İstasyonu,Talatpaşa Caddesi,Kağıthane,"PH,Mo-Su 06:00"
6318139757,node,40.910557,29.216137,Total,TotalEnergies,,,,24/7
6332664122,node,41.026514,28.465646,Alpet Ayar Petrol,Alpet,,,,
6380773887,node,41.024836,29.22568,BP,BP,,,,
6390459922,node,40.899927,29.219956,Shell,Shell,,,,
6437087001,node,41.057814,28.712762,Total,TotalEnergies,,,,
6490736043,node,41.080143,28.208846,,,,,,
6490736044,node,41.080935,28.205512,,,,,,
6507504085,node,40.956711,29.21388,133 imes petrol,,,,,
6512531400,node,40.989446,29.042175,BP,BP,,,,
6518087485,node,40.886222,29.236328,Türkiye Petrolleri,Türkiye Petrolleri,,Nazım Hikmet Caddesi,Pendik,
6528483391,node,41.15117,28.787784,Opet,Opet,Opet Petrolcülük A.Ş.,Eski Edirne Caddesi,Arnavutköy,24/7
6577151296,node,40.911048,29.181811,Opet,Opet,Opet Petrolcülük A.Ş.,Mustafa Kemal Caddesi,Kartal,
6594719428,node,41.103988,28.861968,Petrol Ofisi,Petrol Ofisi,,,,
6594719434,node,41.094856,28.863264,Petrol Ofisi,Petrol Ofisi,,,,
6594719435,node,41.091725,28.864514,Petrol Ofisi,Petrol Ofisi,,,,
6597112256,node,41.095533,28.790818,,,,,,
6642219171,node,41.049813,28.390964,Energy Petrol Selimpaşa,Energy,Energy Petrol Selimpaşa,,,
6696452665,node,41.014314,28.832104,,,,,,
6720423076,node,41.236291,28.905168,Aytemiz,Aytemiz,Aytemiz,,,
6805146202,node,41.014589,29.075604,Total,TotalEnergies,,,,
6805337406,node,40.989431,29.195367,,,,,,
6822711738,node,41.107311,28.221777,,,,,,
6822711739,node,41.103735,28.219406,,,,,,
6842721097,node,41.071623,28.979897,,,,,,
6854402223,node,41.031916,28.905859,Petrol Ofisi,Petrol Ofisi,,,,
6854402224,node,41.031976,28.90554,Starpet,,,,,
6854402244,node,41.028323,28.916812,Petrol Ofisi,Petrol Ofisi,,,,
6862518820,node,41.007895,29.192887,Opet,Opet,,,,24/7
6863696019,node,40.927493,29.346924,Petrol Ofisi,Petrol Ofisi,,,,
6973615085,node,40.928842,29.439591,,,,,,
7026502640,node,41.15563,28.16994,Petrol Ofisi,Petrol Ofisi,,,,
7026502641,node,41.154091,28.168249,Opet,Opet,,,,
7046396309,node,41.014458,29.190402,Opet,Opet,Yamaç Petrol,,,
7046396315,node,40.993615,29.188991,Opet Ümraniye,Opet,Opet Petrolcülük A.Ş.,1. Caddesi 10. Sokak,Ümraniye,
7125660786,node,41.026754,29.242759,Opet,Opet,,,,
7145762135,node,41.018544,29.084577,Petrol Ofisi,Petrol Ofisi,,,,
7167510127,node,41.060347,28.698705,Petrol Ofisi,Petrol Ofisi,,,,
7498451381,node,40.993182,28.630312,Energy,Energy,Energy,,,
7501444291,node,41.004802,28.637624,Opet Beylikdüzü,Opet,Opet Petrolcülük A.Ş.,Atatürk Bulvarı,Beylikdüzü,
7506071047,node,40.989432,28.657362,TotalEnergies,TotalEnergies,,,,
7518367166,node,41.030641,28.682598,Teco,,,,,
7523601250,node,41.012096,28.68187,,,,,,
7523622408,node,40.977572,29.097161,Shell,Shell,,İnönü Caddesi,Kadıköy,24/7
7562999678,node,41.027567,29.026192,,,,,,
7621910819,node,40.939393,29.317263,Petrol Ofisi,Petrol Ofisi,,,,
7631483620,node,41.048923,29.054556,Opet,Opet,Opet Petrolcülük A.Ş.,Çengelköy Caddesi,Üsküdar,
7656054264,node,41.001533,29.078071,Shell,Shell,,Adnan Menderes Caddesi,ataşehir,
7668596055,node,40.9816,29.221505,,,,,,
7740567851,node,40.917691,29.144038,Best,Best,,,,
7865342719,node,41.086373,29.136412,,,,,,
7874190976,node,41.316977,28.174944,Teco,Teco,Teco,,,
8403439423,node,41.223639,28.455175,Moil Milan Petrol,Moil,Milan Petrol,,,
8403505436,node,41.104508,28.424847,Petrol Ofisi,Petrol Ofisi,,,,
8520542077,node,40.880669,29.255162,Shell,Shell,,,,
8585585831,node,40.873168,29.265257,Türkiye Petrolleri,Türkiye Petrolleri,,,,
8585585832,node,40.873691,29.26607,Türkiye Petrolleri,Türkiye Petrolleri,,Tevfik İleri Caddesi,Pendik,
8653866315,node,41.107233,28.112179,Petrol Ofisi,Petrol Ofisi,Petrol Ofisi,,,
8739742042,node,41.02431,28.623589,TotalEnergies,TotalEnergies,,,,
8739798441,node,41.01835,28.632575,Shell Gürpınar Kavşak,Shell,,,,
8745873184,node,41.002336,28.8861,Class,Class,,,,
8785545916,node,41.037802,28.437257,BP Büyükçekmece Kamiloba,BP,,,,
8785545975,node,41.040247,28.428474,Petrol Ofisi Büyükçekmece Kamiloba,Petrol Ofisi,,,,
8851221156,node,41.064332,28.320763,BP Silivri Araptepe,BP,,,,
8851221157,node,41.064979,28.320917,Petrol Ofisi Silivri Selimpaşa,Petrol Ofisi,,,,
8851221158,node,41.063846,28.322914,Opet Silivri Selimpaşa,Opet,,,,
8852452641,node,40.931674,29.338955,Opet Tuzla,Opet,Opet Petrolcülük A.Ş.,Eski Ankara Caddesi Tepeören Yolu,Tuzla,
8857110730,node,41.000974,28.822645,Aytemiz Bahçelievler Çobançeşme,Aytemiz,,,,
8903542274,node,41.179146,28.703004,,,,,,
8974667683,node,41.150585,28.233321,,,,,,
8990639673,node,41.07049,28.902302,Aytemiz Gaziosmanpaşa Hürriyet,Aytemiz,Küçükköy Petrol,Cengiz Topel Caddesi,Gaziosmanpaşa,
9107841647,node,41.027406,28.812577,Opet Bağcılar 15 Temmuz,Opet,,,,
9128770763,node,41.017812,28.483072,Petrol Ofisi,Petrol Ofisi,,,,
9164767329,node,40.871259,29.331477,Shell,Shell,,Dersaadet Cad.,Tuzla,
9164830220,node,40.995019,28.705204,Aygaz,Aygaz,Aygaz,,avcılar,
9164863236,node,41.076905,28.246411,BP Silivri Piri Mehmet Paşa,BP,,,,
9164950406,node,41.079955,28.206948,Petrol Ofisi Silivri Mimarsinan,Petrol Ofisi,,,,
9169578683,node,41.042537,28.846634,,,,,,
9177606423,node,41.014339,28.646993,BP Büyükçekmece Yakuplu,BP,,,,
9272881832,node,40.918398,29.351467,Total Tuzla,TotalEnergies,Opet Petrolcülük A.Ş.,Çelebi Caddesi,Tuzla,24/7
9282741027,node,40.844676,29.305896,Shell,Shell,,,,
9282741028,node,40.876003,29.263005,Shell,Shell,,,,
9282741029,node,40.88004,29.259443,,,,,,
9283105742,node,41.009505,28.523367,Aytemiz Büyükçekmece Güzelce,Aytemiz,,,,
9283105743,node,41.010396,28.531604,Total Gas Station,TotalEnergies,,,,
9283105744,node,41.012643,28.53724,Aygaz,Aygaz,,,,
9283105745,node,41.012533,28.541353,Opet Büyükçekmece Ekinoba,Opet,Opet Petrolcülük A.Ş.,E-5 Londra Asfaltı Caddesi,Büyükçekmece,
9283105746,node,41.014548,28.54616,Shell Sinanoba,Shell,,,,
9283105747,node,41.013994,28.547398,Lukoil Akaryakıt İstasyonu,Lukoil,,,,
9283105748,node,41.017061,28.557399,Total Mimarsinan,TotalEnergies,,,,
9283105749,node,41.017298,28.562231,Shell Mimarsinan,Shell,,,,
9283105750,node,41.01857,28.563955,Petrol Ofisi,Petrol Ofisi,Batular Petrol,,,
9283105751,node,41.019662,28.563678,Petrol Ofisi,Petrol Ofisi,,,,
9283105752,node,41.02096,28.56315,Opet Büyükçekmece Mimar Sinan,Opet,,,,
9283105753,node,41.025857,28.556517,Shell Büyükçekmece Ulus,Shell,,,,
9283133184,node,40.819475,29.306244,Opet Tuzla,Opet,Opet Petrolcülük A.Ş.,İstasyon Caddesi,Tuzla,
9283139107,node,40.935843,29.36114,BP,BP,,İstanbul Park Bulvarı,Tuzla,
9283139109,node,40.940562,29.369872,Shell,Shell,,İstanbul Park Bulvarı,Tuzla,
9283139110,node,40.942644,29.373383,Petrol Ofisi,Petrol Ofisi,,İstanbul Park Bulvarı,,
9283139111,node,40.928386,29.436014,Opet,Opet,,,,
9283139116,node,40.944586,29.388024,Lukoil,Lukoil,,,,
9283139717,node,40.935012,29.328807,TotalEnergies TSK Mehmetcik Vakfı,TotalEnergies,Güzel Enerji,Dedepaşa Caddesi,Pendik,24/7
9283174693,node,41.060393,28.084322,Shell Gümüşyaka,Shell,,,,
9283174694,node,41.071105,28.112805,Petrol Ofisi Silivri Sancaktepe,Petrol Ofisi,,,,
9283174695,node,41.075321,28.132883,BP Silivri Semizkumlar,BP,,,,
9283174696,node,41.075656,28.14471,,,,,,
9283174697,node,41.081912,28.218414,Shell Silivri Kuzey,Shell,,,,
9283174698,node,41.081443,28.220857,Shell Silivri Güney,Shell,,,,
9283174699,node,41.074597,28.261767,Aytemiz Silivri Yeni,Aytemiz,,,,
9283174700,node,41.072321,28.274019,Çekoil Onur Petrol,,,,,
9283174701,node,41.071801,28.276937,Türkiye Petrolleri,Türkiye Petrolleri,,,,
9283174702,node,41.070949,28.276792,Petrol Ofisi Silivri Murat Çeşme,Petrol Ofisi,,,,
9283174703,node,41.070507,28.278845,Shell Silivri Alibey,Shell,,,,
9283174704,node,41.069682,28.292628,Opet Silivri Alibey,Opet,,,,
9283180208,node,41.127832,29.096185,BP,BP,,Kelle İbrahim Caddesi,Beykoz,
9283180209,node,41.130588,29.093579,Shell,Shell,,,Beykoz,
9283195049,node,41.022198,29.042937,Total,TotalEnergies,,Mahir İz Caddesi,Üsküdar,
9283195050,node,41.02302,29.043048,Total,TotalEnergies,total,Kısıklı Caddesi,Üsküdar,
9283195051,node,41.023706,29.041962,Opet Üsküdar,Opet,Opet Petrolcülük A.Ş.,Kısıklı Caddesi,Üsküdar,
9283195052,node,41.024153,29.054872,Opet,Opet,,,,
9283195053,node,41.023903,29.08159,Total,TotalEnergies,,,,
9283216811,node,41.002993,29.036224,Total,TotalEnergies,,,,
9283216812,node,41.003184,29.034139,Shell,Shell,,,,
9283216813,node,41.006827,29.02515,Shell,Shell,,,,
9283226128,node,41.169259,28.905002,Total,TotalEnergies,,,,
9283238437,node,41.155845,29.604371,,,,,,
9283238443,node,41.087678,29.347639,TotalEnergies,TotalEnergies,,,,
9283238444,node,41.088066,29.345144,,,,,,
9293353315,node,41.190823,29.447234,,,,,,
9293393454,node,41.167944,29.561363,BPet,Bpet,,,,
9293419410,node,41.191426,29.036887,BP,BP,,,,
9295133709,node,41.04361,28.035837,Total Gümüşyaka,Total,,,,
9299860547,node,41.051655,28.387,Energy Süperpet,,,,,
9299860549,node,41.083433,28.368307,Petrol Ofisi,Petrol Ofisi,,,,
9299860550,node,41.083447,28.370814,Petrol Ofisi,Petrol Ofisi,,,,
9299860551,node,41.020114,28.559393,Petrol Ofisi,Petrol Ofisi,,,,
9299860552,node,41.021735,28.584055,Opet Büyükçekmece Fatih,Opet,Opet Petrolcülük A.Ş.,Rıza Küçükoğlupaşa Caddesi,Büyükçekmece,
9299860553,node,41.023178,28.618826,Kadoil,Kadoil,Lipetgaz,,,
9299860557,node,41.016821,28.639238,BP,BP,,,,
9299860560,node,41.000102,28.695044,Türk Petrol,,,68. Sokak,Esenyurt,
9299860561,node,40.988255,28.718725,Shell Avcılar,Shell,,,,
9299860562,node,40.990692,28.718423,Petrol Ofisi,Petrol Ofisi,,Televizyon Sokağı,Avcılar,
9299860563,node,40.986835,28.76993,Shell Küçükçekmece,Shell,,,,
9299860564,node,40.985937,28.783919,Petrol Ofisi Küçükçekmece Cennet,Petrol Ofisi,,,,
9299860565,node,40.988551,28.790902,BP Küçükçekmece Gültepe,BP,,,,
9299860568,node,40.986395,28.819668,Shell Atatürk Havalimanı,Shell,,,,24/7
9299860569,node,41.016473,28.811621,Opet Ceynak Lojistik,Opet,Ceynak Lojistik,,,
9299860570,node,41.026049,28.814123,BP Bağcılar Kirazlı Bağlar,BP,,,,
9299860571,node,41.043254,28.803071,Shell Halkalı,Shell,,Gökmen Sokağı,Küçükçekmece,
9299860572,node,41.036626,28.797133,BP,BP,,Mahmutbey Caddesi,Küçükçekmece,
9299860573,node,41.033674,28.768145,Shell,Shell,,,,
9299860574,node,41.042664,28.756356,,,,,,
9300226842,node,40.91946,29.286656,Petrol Ofisi,Petrol Ofisi,,,,
9300226844,node,40.894242,29.25933,Energy,,Energy,Hukukçular Caddesi,Pendik,24/7
9300286790,node,41.071666,28.693878,Shell,Shell,,,,
9300286799,node,41.067292,28.64943,BP Esenyurt Akçaburgaz,BP,,,,
9300325252,node,40.981036,29.13112,Shell,Shell,,,,
9300325253,node,40.979363,29.127198,BP Kayışdağı,BP,,,,
9300325266,node,40.97905,29.104657,Türkiye Petrolleri,Türkiye Petrolleri,,Kayışdağı Caddesi,Ataşehir,
9300325267,node,40.985313,29.107179,Shell,Shell,,,,
9300325268,node,40.985987,29.108754,Petrol Ofisi,Petrol Ofisi,,,,
9308327027,node,41.084573,28.037375,Energy Çantaköy Petrol,Energy,Energy - Can Holding Petrol,İstanbul Çorlu Yolu,Silivri,
9308416862,node,41.226284,28.06388,Petrol Ofisi,Petrol Ofisi,Petrol Ofisi,,,
9308416863,node,41.203876,28.07681,Opet Erdağı Petrol,Opet,,,,
9308416864,node,41.230643,28.114294,,,,,,
9308433308,node,40.889534,29.206771,Petrol Ofisi,Petrol Ofisi,,,,
9308461062,node,40.897072,29.225721,Aytemiz,Aytemiz,,,,
9308541967,node,40.947848,29.106495,Petrol Ofisi,Petrol Ofisi,,,,
9308547296,node,40.980661,29.041837,Petrol Ofisi,Petrol Ofisi,,,,24/7
9308547309,node,40.983935,29.04009,Opet Kızıltoprak,Opet,Opet Petrolcülük A.Ş.,Bağdat Caddesi,Kadıköy,
9311013308,node,41.108843,28.859647,Opet Sultangazi,Opet,Opet Petrolcülük A.Ş.,Eski Edirne Asfaltı,Sultangazi,
9311013309,node,41.093562,28.863452,Shell,Shell,,,,24/7
9311065220,node,41.098707,28.900378,Shell,Shell,Shell,,,
9311065240,node,41.080674,28.907279,Kadoil,Kadoil,,,,
9311068418,node,41.104532,28.804278,Petrol Ofisi,Petrol Ofisi,,,,
9311073254,node,41.234521,28.888019,Shell,Shell,,,,
9311075163,node,41.177516,28.747972,,,,,,
9311088544,node,41.156816,28.672333,Petrol Ofisi,Petrol Ofisi,Petrol Ofisi,,,
9311961842,node,41.014123,29.163782,Opet Ümraniye,Opet,Opet Petrolcülük A.Ş.,Necip Fazıl Bulvarı,Ümraniye,
9311961843,node,41.015759,29.153125,,,,,,
9311961844,node,41.016093,29.15037,,,,,,
9311961845,node,41.01646,29.146032,Opet Ortaş,Opet,,,,
9311961846,node,41.005521,29.146307,Erk Petrol,Petrol Ofisi,,,,
9311961847,node,41.013264,29.107287,Petrol Ofisi,Petrol Ofisi,,,,
9312145700,node,40.896767,29.203426,Petrol Ofisi,Petrol Ofisi,,Spor Caddesi,Kartal,
9312156123,node,41.166193,29.056493,,,,,,
9312162023,node,40.958523,29.214818,,,,,,
9312167478,node,41.003321,28.866391,BP,BP,,,,
9312167479,node,41.006966,28.871318,Shell,Shell,,,,
9312167481,node,41.002278,28.882997,Petrol Ofisi Bahçelievler Mehmet Akif,Petrol Ofisi,Kavuklar Petrol,,,
9312170590,node,41.079547,28.62606,Petrol Ofisi,Petrol Ofisi,Alıcı Petrol,Hadımköy Yolu Caddesi,Esenyurt,
9312170591,node,41.079205,28.624838,Shell,Shell,,Hadımköy Yolu Caddesi,Esenyurt,24/7
9312187482,node,40.972565,28.789949,Shell Florya,Shell,,,,
9312187483,node,40.99294,28.793514,Opet Küçükçekmece Gültepe,Opet,,,,
9312199669,node,41.015185,28.907809,Petrol Ofisi Zeytinburnu Maltepe,Petrol Ofisi,,,,
9312199670,node,41.01628,28.911647,Opet Zeytinburnu Merkezefendi,Opet,,,,
9312199671,node,41.016783,28.912838,Shell,Shell,Cem Otomotiv,Londra Asfaltı Caddesi,Zeytinburnu,24/7
9312859986,node,41.061267,28.776717,Total Atakent,TotalEnergies,Güzel Enerji Akaryakıt Anonim Şirketi,,,
9312867385,node,41.099657,28.766623,Opet,Opet,,,,
9312871375,node,40.974334,28.874099,Shell Ataköy Sahil,Shell,,,,
9312874511,node,41.053873,28.866472,Shell,Shell,,,,
9312874512,node,41.054679,28.863949,Aytemiz,Aytemiz,,,,
9312905236,node,41.084192,28.978303,Shell,Shell,,,,24/7
9312905237,node,41.0889,28.984986,Opet Kağıthane,Opet,Opet Petrolcülük A.Ş.,Güzeldere Caddesi,Kağıthane,
9312905238,node,41.093794,28.992729,Shell,Shell,,,,
9312906913,node,41.038328,28.956753,Opet Beyoğlu,Opet,Opet Petrolcülük A.Ş.,Hasköy Sütlüce Yolu Donanma Caddesi,Beyoğlu,
9312906914,node,41.058518,28.965701,Aytemiz,Aytemiz,,Darülaceze Caddesi,,
9312925430,node,41.044958,29.177171,Total,TotalEnergies,,,,
9398672062,node,41.069683,28.825105,Opet,Opet,,2442. Sokak,Bağcılar,
9548958715,node,40.995406,28.704697,BP Avcılar,BP,,,,
9548958716,node,41.000544,28.691484,Opet,Opet,,,,
9548982817,node,41.009377,28.70145,Shell,Shell,,,,
9548982818,node,41.01155,28.698086,Total,TotalEnergies,,,,
9549151422,node,41.037465,28.925715,Petrol Ofisi,Petrol Ofisi,Minapet Petrol,Eyüp Sultan Bulvarı,Eyüpsultan,
9549153211,node,41.039593,28.911317,Shell,Shell,,,Bayrampaşa,24/7
9549572617,node,41.071343,28.867914,Petrol Ofisi,Petrol Ofisi,,Giyimkent Caddesi,Esenler,
9549600017,node,41.087074,28.868919,Petrol Ofisi,Petrol Ofisi,Mesah Petrol,Eski Edirne Asfaltı,Sultangazi,
9550991677,node,41.036781,28.887284,Opet,Opet,Emre Petrol,İstanbul Caddesi,Esenler,
9551014699,node,41.045676,28.93138,Opet,Opet,Öztaş Petrol,Eyüp Sultan Bulvarı,Eyüpsultan,
9551045187,node,41.056246,28.87565,BP,BP,,Kışla Caddesi,Esenler,
9551068442,node,41.140278,28.772892,Shell,Shell,,,,
9657144610,node,41.191165,28.399715,,,,,,
9809647732,node,41.034807,28.766823,Opet,Opet,,,,
9809647745,node,41.014516,28.768116,Petrol Ofisi,Petrol Ofisi,,,,
10282037429,node,41.247854,28.752121,SOCAR,SOCAR,,,,
10310472766,node,41.011561,28.679358,Petrol Ofisi,Petrol Ofisi,Başak Petrol,,Esenyurt,24/7
10564354703,node,41.203385,28.759783,,,,,,
10772615935,node,40.869084,29.334768,Petrol Ofisi,Petrol Ofisi,,,,
10817053541,node,41.131723,28.230099,BP,BP,,,,
10907090065,node,41.255886,28.03635,Shell,Shell,,,,
10923543911,node,41.005916,28.659698,,,,,,
11044421379,node,41.069131,28.810814,Shell,Shell,,,,
11048382462,node,41.231849,28.599661,Sunpet,,,,,
11091390421,node,41.133195,28.23135,BP,BP,,,,
11127294727,node,41.016634,28.955042,Shell,Shell,,Kovacılar Sokağı,Fatih,24/7
11176613539,node,41.129124,29.853335,,,,,,
11232727522,node,41.019156,28.917832,Opet,Opet,Fildişi Petrol,,Zeytinburnu,
11251039127,node,41.01954,28.62949,Petrol Ofisi,Petrol Ofisi,,,,
11329071121,node,41.050842,28.055574,,,,,,
11331739897,node,40.970554,29.100939,Opet Kadıköy,Opet,Opet Petrolcülük A.Ş.,Bayar Caddesi,Kadıköy,
11405572353,node,41.014193,28.842049,BP,BP,,,,
11409079450,node,41.003702,28.949943,Opet,Opet,İstanbul Enerji,Namık Kemal Caddesi,Fatih,24/7
11491643319,node,40.982762,29.665749,,,,,,
11549900108,node,41.084797,29.332225,,,,,,
11578262694,node,40.880782,29.249965,Petrol Ofisi,Petrol Ofisi,Modoğlu,,,
11578383440,node,40.988459,29.145552,Petrol Ofisi,Petrol Ofisi,,,,
11578580141,node,40.984163,29.056914,Opet,Opet,Opet Petrolcülük A.Ş.,Fahrettin Kerim Gökay Caddesi,Kadıköy,
11586204358,node,40.991282,28.919565,BP,BP,Kazdallar Petrol,Genç Osman Sokağı,Zeytinburnu,24/7
11586204359,node,41.002243,28.919862,Shell,Shell,,10. Yıl Caddesi,Zeytinburnu,24/7
11586204363,node,41.028186,28.899395,Shell,Shell,,,Bayrampaşa,24/7
11586204364,node,41.028091,28.900715,Shell,Shell,Shell,,Bayrampaşa,24/7
11586204367,node,41.034069,28.896999,Shell,Shell,,,Bayrampaşa,24/7
11586206717,node,40.929049,29.146255,Opet Maltepe,Opet,,,,
11586206756,node,41.033071,29.110776,Shell Express,Shell Express,,,,
11586230277,node,41.020548,29.129611,Shell,Shell,,Alemdağ Caddesi,Ümraniye,24/7
11586239235,node,41.054415,29.033787,Opet,Opet,Alev Petrol,Muallim Naci Caddesi,Beşiktaş,24/7
11586239236,node,41.073887,29.015958,BP,BP,Dost Petrol,Büyükdere Caddesi,Beşiktaş,24/7
11586239237,node,41.069874,29.015245,Shell,Shell,,Barbaros Bulvarı,Beşiktaş,24/7
11586243850,node,41.030962,28.814632,BP,BP,Akceylan Petrol,Gülbahar Caddesi,Bağcılar,24/7
11586251541,node,41.024492,28.828344,BP,BP,,Atatürk Caddesi,Bağcılar,
11586254469,node,41.036501,28.89374,Petrol Ofisi,Petrol Ofisi,Petrol Ofisi,,Bayrampaşa,
11586254470,node,41.042623,28.895966,Petrol Ofisi,Petrol Ofisi,Petrol Ofisi,,Bayrampaşa,24/7
11586254471,node,41.040554,28.911737,Petrol Ofisi,Petrol Ofisi,Kongu Petrol,İsmet Paşa Caddesi,Bayrampaşa,24/7
11586794393,node,41.029648,28.866813,Petrol Ofisi,Petrol Ofisi,,5.sokak,Bağcılar,
11586797677,node,41.039174,28.917302,BP,BP,Enes Akaryakıt,Ferhatpaşa Caddesi,Eyüpsultan,24/7
11586797679,node,41.038625,28.921743,Petrol Ofisi,Petrol Ofisi,Tuğal Kollektif Şirketi Mustafa Onur ve Ortakları,Rami Kışla Caddesi,Eyüpsultan,24/7
11586797681,node,41.041667,28.919963,Türkiye Petrolleri,Türkiye Petrolleri,Merense Petrol,Rami Kışla Caddesi,Eyüpsultan,24/7
11586797684,node,41.04616,28.915449,BP,BP,,Rami Kışla Caddesi,Bayrampaşa,24/7
11586797691,node,41.058127,28.906281,Aytemiz,Aytemiz,Adar Akaryakıt,Eski Edirne Asfaltı,Gaziosmanpaşa,24/7
11586797692,node,41.061839,28.902314,Petrol Ofisi,Petrol Ofisi,Selahattin Tuğçay Akaryakıt,Eski Edirne Asfaltı,Gaziosmanpaa,24/7
11586843989,node,41.050103,28.899812,BP,BP,,50. Yıl Caddesi,Bayrampaşa,24/7
11586843991,node,41.055726,28.896849,BP,BP,,50. Yıl Caddesi,Bayrampaşa,24/7
11586843992,node,41.061041,28.892151,Total,TotalEnergies,Güzel Enerji Akaryakıt,Ali Fuat Başgil Caddesi,Bayrampaşa,24/7
11586843994,node,41.072968,28.886708,BP,BP,Birikim Petrol,Eski Edirne Asfaltı,Bayrampaşa,24/7
11586843995,node,41.076149,28.880754,Total,TotalEnergies,,Eski Edirne Asfaltı,Gaziosmanpaşa,24/7
11586879391,node,41.078575,28.972023,Petrol Ofisi,Petrol Ofisi,,Develi Caddesi,Kağıthane,24/7
11586900365,node,41.089917,28.883108,Aytemiz,Aytemiz,Aytemiz Petrolcülük,Ertuğrul Gazi Caddesi,Sultangazi,24/7
11586900367,node,41.091292,28.884312,Shell,Shell,,,Sultangazi,24/7
11586904369,node,41.086995,28.889313,Total,TotalEnergies,Eşiyoklar Petrol,Cebeci Caddesi,Gaziosmanpaşa,24/7
11586904371,node,41.082074,28.893085,Kadoil,Kadoil,Gazipet Akaryakıt,Cebeci Caddesi,Gaziosmanpaşa,
11586904373,node,41.080826,28.893359,Opet,Opet,Hilal Petrol,Cebeci Caddesi,Gaziosmanpaşa,24/7
11586904374,node,41.078595,28.895567,Petrol Ofisi,Petrol Ofisi,Tapet Petrol,Cebeci Caddesi,Gaziosmanpaşa,24/7
11586904376,node,41.078051,28.899036,Aytemiz,Aytemiz,ADR Akaryakıt,Cebeci Caddesi,Gaziosmanpaşa,
11586904378,node,41.074318,28.905078,Shell,Shell,,Hekimsuyu Caddesi,Gaziosmanpaşa,24/7
11586904405,node,41.070032,28.906599,Shell,Shell,,İstanbul Caddesi,Gaziosmanpaşa,24/7
11586915454,node,41.082509,28.916744,Shell,Shell,,,Gaziosmanpaşa,24/7
11586915455,node,41.079495,28.930441,Opet,Opet,Convey Petrol,Mustafa Kemal Bulvarı,Eyüpsultan,24/7
11586915843,node,41.065657,28.987481,Opet,Opet,Kampet Petrol Ürünleri,Abide-i Hürriyet Caddesi,Şişli,24/7
11586915844,node,41.059531,28.97615,Aytemiz,Aytemiz,Şişli Petrol,,,24/7
11586915845,node,41.056511,28.965112,Opet,Opet,Çetay Akaryakıt,Arel Aralığı Sokağı,Şişli,24/7
11586916173,node,41.083701,28.909015,Petrol Ofisi,Petrol Ofisi,Dolu Akaryakıt,Hekimsuyu Caddesi,Gaziosmanpaşa,24/7
11586920372,node,41.056679,28.939135,Opet,Opet,Rumeli Akaryakıt,Silahtarağa Caddesi,Eyüpsultan,24/7
11586920373,node,41.057621,28.941938,BP,BP,,Silahtarağa Caddesi,Eyüpsultan,24/7
11586920374,node,41.066235,28.942963,Shell,Shell,,,Eyüpsultan,24/7
11586920375,node,41.06933,28.933148,Total,TotalEnergies,Güzel Enerji Akartyakıt,Gaziosmanpaşa Caddesi,Eyüpsultan,24/7
11586944901,node,41.051054,28.907639,Opet,Opet,İshakoğlu Petrol,Fabrikalar Caddesi,Bayrampaşa,24/7
11586946749,node,41.070056,28.892546,Opet,Opet,Öztürkler Madeni Yağ,Eski Edirne Asfaltı,Bayrampaşa,24/7
11586946751,node,41.081552,28.896125,Opet,Opet,Abat Enerji,542/1. Sokak,Gaziosmanpaşa,24/7
11594777248,node,41.086945,28.950463,Opet,Opet,,,,
11594805019,node,41.107445,29.015213,Total,TotalEnergies,,Büyükdere Caddesi,Sarıyer,24/7
11594805021,node,41.108425,29.023309,BP,BP,,Büyükdere Caddesi,Sarıyer,24/7
11594805023,node,41.115732,29.023216,Shell,Shell,,,Sarıyer,24/7
11594829620,node,41.06958,28.916474,Opet,Opet,Paye Petrol,Gaziosmanpaşa Caddesi,Eyüpsultan,24/7
11594829628,node,40.996315,28.796646,Shell Sefaköy,Shell,,,,
11594831193,node,41.065735,28.933466,Petrol Ofisi,Petrol Ofisi,Kaptanlar Turizm,Yıldıztabya Alibeyköy Caddesi,Gaziosmanpaşa,24/7
11594848769,node,41.101312,28.979996,Opet,Opet,Zengin Petrol,Cendere Caddesi,Kağıthane,24/7
11597376277,node,41.001019,28.618148,BP,BP,Veysi Genç Akaryakıt,,,
11597376278,node,41.005841,28.622391,Shell,Shell,,Avrupa Caddesi,Beylikdüzü,24/7
11597376279,node,41.016342,28.625908,Opet,Opet,Cob Petrol,Yavuz Sultan Selim Bulvarı,Büyükçekmece,24/7
11597376320,node,41.018952,28.631113,Opet,Opet,Renk Petrol,,Büyükçekmece,24/7
11597376321,node,41.019933,28.631614,Petrol Ofisi,Petrol Ofisi,Esenpet Petrol,2312. Sokak,Esenyurt,24/7
11597376322,node,41.009743,28.655044,Shell,Shell,,Belediye Caddesi,Beylikdüzü,24/7
11597376324,node,41.029353,28.682598,Aytemiz,Aytemiz,Esenyurt Petrol,Doğan Araslı Bulvarı,Esenyurt,24/7
11597376325,node,41.032162,28.681943,Shell,Shell,,,,24/7
11597376326,node,41.031956,28.674315,Shell,Shell,,,Esenyurt,24/7
11597376328,node,41.051007,28.687737,Opet,Opet,Anafarta Petrol,Bahçeşehir Yanyol Caddesi,Esenyurt,24/7
11597382608,node,41.19215,28.570898,Opet,Opet,Opet Market ve Akaryakıt İstasyon İşletmeciliği Anonim Şirketi,,Çatalca,24/7
11597382610,node,41.195515,28.569958,Opet,Opet,Opet Market ve Akaryakıt İstasyon İşletmeciliği Anonim Şirketi,,Çatalca,24/7
11597382612,node,41.277096,28.612456,Turkish Petrol,,,,,
11597382614,node,41.245024,28.701485,Total,TotalEnergies,Güneş Enerji,Kuzey Marmara Otoyolu,Arnavutköy,24/7
11597382616,node,41.243545,28.704075,Total,TotalEnergies,,Kuzey Marmara Otoyolu,Arnavutköy,24/7
11597382625,node,41.179233,28.884008,Petrol Ofisi,Petrol Ofisi,,,,24/7
11597382626,node,41.156003,29.035756,Shell,Shell,,,Sarıyer,24/7
11597506824,node,41.095074,28.895903,BP,BP,Yeni Topçooğlu Petrol,Şehit Murat Celep Caddesi,Sultangazi,24/7
11741162818,node,40.916124,29.169956,Shell,Shell,,,,
11744840531,node,40.89826,29.16413,,,,,,
12009680069,node,41.305529,28.24185,,,,,,
12169841706,node,41.055443,29.188759,Opet,Opet,,,,
12169841707,node,41.055229,29.184787,Opet,Opet,,,,
12185834427,node,41.083835,28.948853,,,,,,
12198501225,node,41.004493,29.030382,Shell,Shell,,,,
12199038026,node,41.051298,29.064439,,,,,,
12205869388,node,40.981595,28.884321,Petrol Ofisi,Petrol Ofisi,,,,
12213415959,node,41.101354,28.965951,Shell,Shell,,Selçuklu Caddesi,Kağıthane,
12217538551,node,41.102814,29.000055,,,,,,
12240815361,node,40.917213,29.354374,Total Energies,TotalEnergies,,,,
12240815362,node,40.920658,29.350217,Total Tuzla,TotalEnergies,Opet Petrolcülük A.Ş.,Katip Çelebi Caddesi,Tuzla,24/7
12240935663,node,40.910819,29.199106,BP,BP,,,,
12240988992,node,41.051747,28.910643,GO Yakıt,İpragaz,NCP Akaryakıt,Rami Kışla Caddesi,Bayrampaşa,24/7
12240988994,node,41.055581,28.909673,Petrol Ofisi,Petrol Ofisi,Niyazi Öztürk Petrol,Eski Edirne Asfaltı,Gaziosmanpaşa,24/7
12241268039,node,41.080745,28.894156,,,,,,
12243925975,node,41.111187,28.796212,TotalEnergies,TotalEnergies,,,,
12250404051,node,40.996973,28.871627,Total,TotalEnergies,,Pembe Ay Sokağı,Bakırköy,24/7
12250435536,node,40.97403,28.87317,Opet,Opet,Ataköy Petrol,Rauf Orbay Caddesi,Bakırköy,24/7
12307722101,node,41.03102,29.230925,Shell,Shell,,,,24/7
12438991422,node,41.129753,28.837779,Petrol Ofisi,Petrol Ofisi,,,,
12441887647,node,41.028382,28.459828,BP,BP,Neve Petrol,İstanbul Caddesi,Büyükçekmece,24/7
12821056291,node,40.981344,29.165051,Türkiye Petrolleri,Türkiye Petrolleri,,Üsküdar Caddesi,Ataşehir,
12871111807,node,41.056844,28.996424,S Oil,S Oil,Turer Petrol,Öğretmen Haşim Çeken Caddesi,Şişli,09:30-18:30
12961307634,node,40.904405,29.163743,TotalEnergies,TotalEnergies,,Üsküdar Caddesi,,
13058788561,node,40.888278,29.375192,OPET,Opet,,,,
225470928,way,41.035291,28.993699,Türkiye Petrolleri,Türkiye Petrolleri,,,,
229914140,way,41.022539,29.075342,Petrol Ofisi,Petrol Ofisi,Petrol Ofisi,,,
363637322,way,40.999321,29.181625,,,,,,
404568673,way,40.931413,29.128788,BP,BP,,,,
499316078,way,40.975234,29.052288,Shell,Shell,,,,
499614869,way,40.926196,29.351089,Shell,Shell,,,,
554699358,way,41.012929,28.791786,Petrol Ofisi,Petrol Ofisi,,,,
1000476249,way,41.064731,28.671693,Opet,Opet,,,,
1323152130,way,41.098392,28.791056,Shell,Shell,,,,
1326208723,way,41.2575,28.702508,SOCAR,SOCAR,Azoil Petrolcülük,Vecihi Hürkuş Caddesi,Arnavutköy,24/7
1327932392,way,41.092654,28.917246,Opet,Opet,Güven Elif Otoyol İşletmeleri Anonim Şirketi,881. Sokak,Gaziosmanpaşa,24/7
1328615126,way,40.991693,29.223849,,,,,,
1330404728,way,41.069632,28.903143,Termo,termo,,Cengiz Topel Caddesi,Gaziosmanpaşa,24/7
1331301679,way,41.083839,28.81227,Opet,Opet,,,,
1331735729,way,41.051954,28.911221,Opet,Opet,Özden Akaryakıt,Rami Kışla Caddesi,Gaziosmanpaşa,24/7
1331735730,way,41.054143,28.910448,Energy,Energy,Kuranlar Petrol,,Gaziosmanpaşa,24/7
1334760761,way,41.084075,28.810515,Shell,Shell,,,,
1338333199,way,41.098752,28.789119,Shell,Shell,,,,
1341105372,way,41.045342,28.91702,Shell,Shell,Gökkuşağı Petrol,,Eyüpsultan,24/7
1342730996,way,41.25183,28.7384,TotalEnergies,TotalEnergies,OYAK Enerji,Terminal Caddesi,Arnavutköy,24/7
1348957922,way,41.003927,29.216855,,,,,,
1349551960,way,41.197446,29.146251,Opet,Opet,,,,
1362930977,way,41.137158,28.811313,Shell,Shell,Zıngıl Akaryakıt,Eski Edirne Asfaltı Caddesi,Arnavutköy,24/7
1363626790,way,40.98199,28.682424,TotalEnergies,TotalEnergies,,,,
1363924454,way,40.852103,29.311577,,,,,,
1365202373,way,41.036882,29.155584,,,,,,
1365202374,way,41.03706,29.155662,,,,,,
1365252224,way,41.199285,28.82613,Aytemiz,Aytemiz,,Ziyade Sokağı,Eyüpsultan,24/7
1365252225,way,41.195884,28.822287,Shell,Shell,,,Eyüpsultan,
1375210243,way,41.049509,28.820509,Shell,Shell,,Peyami Safa Caddesi,Bağcılar,24/7
1383338957,way,40.974991,29.240721,Petrol Ofisi,Petrol Ofisi,,,,
1383512553,way,40.989291,29.195269,,,,,,
1383516712,way,40.987698,29.143822,Opet,Opet,,,,
1383516714,way,40.988529,29.145538,Petrol Ofisi,Petrol Ofisi,,,,
1384283544,way,41.016451,29.145907,Opet,Opet,,,,
1384283545,way,41.016768,29.141535,,,,,,
1384652933,way,41.008602,29.201665,Petrol Ofisi,Petrol Ofisi,,,,
1392693608,way,41.091562,28.634204,Petrol Ofisi,Petrol Ofisi,Dinç Petrol ve Ticaret Limited Şirketi,Hadımköy - İstanbul Caddesi,Arnavutköy,24/7
1395490267,way,40.989092,29.194029,,,,,,
1395490271,way,40.988065,29.193127,,,,,,
1411773074,way,41.203419,28.759863,,,,,,
1418767436,way,41.113502,28.797987,Opet,Opet,,,,
1424199385,way,41.410092,28.185418,Sunpet,Sunpet,,,,
1424199386,way,41.410359,28.184871,Energy,,,,,
1424261394,way,41.084085,28.784462,Opet,Opet,,,,
1424454806,way,41.090261,28.634151,Shell,Shell,,Hadımköy - İstanbul Caddesi,Arnavutköy,24/7
1425442035,way,41.103998,28.782961,Petrol Ofisi,Petrol Ofisi,,,,
1426428474,way,40.917273,29.143751,Opet,Opet,,,,
1449719989,way,41.06869,28.660646,Petrol Ofisi,Petrol Ofisi,Petrol Ofisi,,,
1457542359,way,41.08336,28.999809,Opet,Opet,,,,
1457608138,way,41.036496,29.065462,TotalEnergies,TotalEnergies,,,,
1458245698,way,41.009629,29.21086,BP,BP,,,,
1463902928,way,41.016855,29.076225,,,,,,
1463906395,way,41.024291,29.054902,,,,,,
1466274094,way,40.940585,29.369844,,,,,,
1466274095,way,40.942798,29.373496,,,,,,
1466816205,way,41.013691,29.246253,,,,,,
1466829119,way,41.014101,29.16365,,,,,,
1466829137,way,41.020519,29.129632,,,,,,
1468004382,way,41.056355,28.370341,Shell,Shell,,Londra Asfaltı,Silivri,24/7
1468074266,way,40.977743,29.22051,Opet,Opet,,,,
1468074280,way,40.96944,29.220176,,,,,,
1470145896,way,41.199064,29.148554,Opet,Opet,,,,
1471445387,way,41.120457,28.782464,,,,,,
1471776252,way,41.037044,29.155323,,,,,,
1472906656,way,41.032949,29.110885,,,,,,
1472906878,way,41.016474,29.177666,Petrol Ofisi,Petrol Ofisi,,,,
1476871584,way,41.136595,28.622966,,,,,,
